{"stat.walkOneCm":211419,"stat.useItem.minecraft.stone":17,"stat.leaveGame":11,"stat.useItem.minecraft.log":81,"stat.useItem.minecraft.ender_chest":1,"stat.useItem.minecraft.carpet":6,"stat.useItem.minecraft.glowstone":15,"stat.mineBlock.minecraft.sandstone":1,"stat.jump":257,"stat.climbOneCm":853,"stat.fallOneCm":775,"stat.crouchOneCm":19572,"stat.enderchestOpened":7,"stat.useItem.minecraft.stained_hardened_clay":46,"stat.useItem.minecraft.leaves":190,"stat.useItem.minecraft.dirt":61,"stat.sprintOneCm":46004,"stat.useItem.minecraft.tallgrass":11,"stat.useItem.minecraft.light_weighted_pressure_plate":1,"achievement.exploreAllBiomes":{"value":0,"progress":["Birch Forest","Roofed Forest","Plains","Extreme Hills","Savanna"]},"stat.useItem.minecraft.fence":6,"stat.useItem.minecraft.netherrack":10,"stat.useItem.minecraft.stone_slab":356,"stat.useItem.minecraft.cauldron":1,"stat.useItem.minecraft.diamond_pickaxe":1,"stat.flyOneCm":519044,"stat.useItem.minecraft.cobblestone_wall":123,"stat.drop":2,"stat.playOneMinute":136660,"stat.useItem.minecraft.ladder":2,"stat.damageDealt":50,"stat.useItem.minecraft.wool":104,"stat.timeSinceDeath":136660,"stat.useItem.minecraft.brewing_stand":2,"stat.useItem.minecraft.melon_block":6,"stat.cauldronFilled":1,"stat.useItem.minecraft.wooden_slab":21,"stat.useItem.minecraft.sandstone":3}