{"stat.walkOneCm":12406,"stat.killEntity.EntityHorse":1,"achievement.openInventory":3,"stat.useItem.minecraft.hardened_clay":1,"stat.leaveGame":1,"stat.damageTaken":80,"stat.useItem.minecraft.diamond_pickaxe":3,"stat.mobKills":1,"stat.useItem.minecraft.stonebrick":1,"stat.useItem.minecraft.dye":1319,"stat.flyOneCm":1042598,"stat.drop":3,"stat.swimOneCm":721,"stat.jump":48,"stat.playOneMinute":89092,"stat.fallOneCm":1005,"stat.damageDealt":300,"stat.crouchOneCm":1904,"stat.enderchestOpened":1,"stat.timeSinceDeath":89092,"stat.useItem.minecraft.dirt":865,"stat.sprintOneCm":6238,"achievement.exploreAllBiomes":{"value":0,"progress":["Roofed Forest","Flower Forest","Extreme Hills+","River","Plains","Taiga","Extreme Hills","TaigaHills"]},"stat.diveOneCm":3595}