{"stat.walkOneCm":22639,"stat.useItem.minecraft.stone_slab":54,"stat.useItem.minecraft.quartz_block":1,"stat.useItem.minecraft.chest":2,"achievement.openInventory":93,"stat.leaveGame":1,"stat.useItem.minecraft.oak_stairs":14,"stat.useItem.minecraft.stone_brick_stairs":45,"stat.useItem.minecraft.stonebrick":110,"stat.useItem.minecraft.stained_glass_pane":41,"stat.flyOneCm":1197110,"stat.drop":1,"stat.swimOneCm":384,"stat.jump":86,"stat.useItem.minecraft.snow":20,"stat.playOneMinute":74512,"stat.fallOneCm":269,"stat.useItem.minecraft.sea_lantern":27,"stat.crouchOneCm":2146,"stat.useItem.minecraft.snow_layer":364,"stat.useItem.minecraft.wool":718,"stat.timeSinceDeath":74512,"stat.useItem.minecraft.stained_hardened_clay":11,"stat.useItem.minecraft.dirt":1,"stat.sprintOneCm":6467,"stat.useItem.minecraft.wooden_slab":47,"achievement.exploreAllBiomes":{"value":0,"progress":["River","Plains","Taiga"]},"stat.useItem.minecraft.fence":24}