{"stat.walkOneCm":57944,"stat.useItem.minecraft.quartz_block":23,"achievement.openInventory":12,"stat.useItem.minecraft.stone":8,"stat.leaveGame":2,"stat.useItem.minecraft.iron_block":3,"stat.useItem.minecraft.stone_brick_stairs":17,"stat.useItem.minecraft.stone_pressure_plate":63,"stat.useItem.minecraft.gold_block":22,"stat.useItem.minecraft.emerald_block":12,"stat.useItem.minecraft.ender_chest":4,"stat.useItem.minecraft.stonebrick":22,"stat.flyOneCm":267463,"stat.jump":130,"stat.playOneMinute":63506,"stat.crouchOneCm":5525,"stat.useItem.minecraft.wool":41,"stat.timeSinceDeath":63506,"stat.useItem.minecraft.leaves":60,"stat.useItem.minecraft.dirt":16,"stat.sprintOneCm":24609,"stat.useItem.minecraft.diamond_block":34,"stat.useItem.minecraft.sign":5,"stat.useItem.minecraft.tallgrass":1,"achievement.exploreAllBiomes":{"value":0,"progress":["Roofed Forest","Plains"]},"stat.useItem.minecraft.sandstone":5}